word_one	word_two	surprisal_w_two
gomma	sedia	33.16922378540039
gomma	pennello	30.396757125854492
gomma	topo	12.685093879699707
gomma	cavallo	38.45793533325195
gomma	leone	26.97218132019043
gomma	serpente	66.68439483642578
gomma	pastello	33.097755432128906
gomma	scimmia	63.31342697143555
gomma	cane	10.823175430297852
gomma	tigre	39.16040802001953
gomma	pettine	58.530059814453125
gomma	camicia	53.97185516357422
gomma	gabbiano	46.46620559692383
gomma	tenda	36.01646041870117
gomma	letto	6.429821968078613
gomma	passero	30.365371704101562
gomma	mucca	32.527042388916016
gomma	gufo	27.59543228149414
gomma	poltrona	71.13208770751953
gomma	elefante	65.94377136230469
gomma	scopa	43.237579345703125
gomma	quaderno	33.325740814208984
gomma	vaso	25.495080947875977
gomma	spada	34.270198822021484
gomma	orso	27.30400848388672
gomma	maiale	28.573448181152344
gomma	gatto	28.958017349243164
gomma	penna	34.773277282714844
gomma	armadio	41.148597717285156
gomma	coniglio	52.12418746948242
gomma	giacca	44.33383560180664
sedia	gomma	42.701290130615234
sedia	pennello	30.36200714111328
sedia	topo	11.858906745910645
sedia	cavallo	32.93581771850586
sedia	leone	27.478288650512695
sedia	serpente	63.28934860229492
sedia	pastello	38.47471237182617
sedia	scimmia	58.4935302734375
sedia	cane	10.114264488220215
sedia	tigre	36.98948287963867
sedia	pettine	54.43333053588867
sedia	camicia	47.49235534667969
sedia	gabbiano	47.379695892333984
sedia	tenda	37.727725982666016
sedia	letto	5.924043655395508
sedia	passero	28.648273468017578
sedia	mucca	33.583683013916016
sedia	gufo	28.48516273498535
sedia	poltrona	69.34858703613281
sedia	elefante	62.491844177246094
sedia	scopa	37.25379943847656
sedia	quaderno	33.19609832763672
sedia	vaso	28.246061325073242
sedia	spada	31.36176300048828
sedia	orso	27.14739227294922
sedia	maiale	34.428733825683594
sedia	gatto	29.315587997436523
sedia	penna	31.705211639404297
sedia	armadio	36.98652648925781
sedia	coniglio	44.1507682800293
sedia	giacca	45.1859245300293
pennello	gomma	42.35734939575195
pennello	sedia	31.719432830810547
pennello	topo	9.6168212890625
pennello	cavallo	31.622516632080078
pennello	leone	25.870969772338867
pennello	serpente	60.77125930786133
pennello	pastello	33.642452239990234
pennello	scimmia	51.4686393737793
pennello	cane	7.438260078430176
pennello	tigre	38.93636703491211
pennello	pettine	55.174888610839844
pennello	camicia	46.59632873535156
pennello	gabbiano	46.79584884643555
pennello	tenda	32.36580276489258
pennello	letto	4.459282875061035
pennello	passero	30.11202621459961
pennello	mucca	31.47218132019043
pennello	gufo	29.62895965576172
pennello	poltrona	63.61940002441406
pennello	elefante	60.60728073120117
pennello	scopa	35.297691345214844
pennello	quaderno	30.600557327270508
pennello	vaso	29.919340133666992
pennello	spada	31.72418212890625
pennello	orso	25.00064468383789
pennello	maiale	28.697063446044922
pennello	gatto	27.67689323425293
pennello	penna	26.271560668945312
pennello	armadio	36.691307067871094
pennello	coniglio	45.494712829589844
pennello	giacca	47.02978515625
topo	gomma	44.23569869995117
topo	sedia	25.766782760620117
topo	pennello	27.977252960205078
topo	cavallo	31.82512664794922
topo	leone	25.12306022644043
topo	serpente	55.8228645324707
topo	pastello	28.43450927734375
topo	scimmia	47.884525299072266
topo	cane	8.660411834716797
topo	tigre	39.89872360229492
topo	pettine	56.72211837768555
topo	camicia	50.00837326049805
topo	gabbiano	48.986202239990234
topo	tenda	29.279062271118164
topo	letto	4.836369037628174
topo	passero	28.190929412841797
topo	mucca	30.12449073791504
topo	gufo	27.678653717041016
topo	poltrona	61.78004837036133
topo	elefante	56.288639068603516
topo	scopa	32.37700271606445
topo	quaderno	31.847457885742188
topo	vaso	26.50312614440918
topo	spada	28.31143569946289
topo	orso	28.897113800048828
topo	maiale	32.39888000488281
topo	gatto	30.602920532226562
topo	penna	32.03903579711914
topo	armadio	36.53601837158203
topo	coniglio	46.25528335571289
topo	giacca	42.473907470703125
cavallo	gomma	42.44956970214844
cavallo	sedia	32.700382232666016
cavallo	pennello	28.32493019104004
cavallo	topo	10.805822372436523
cavallo	leone	29.00971794128418
cavallo	serpente	63.95012283325195
cavallo	pastello	29.56106185913086
cavallo	scimmia	63.841209411621094
cavallo	cane	8.168161392211914
cavallo	tigre	50.14333724975586
cavallo	pettine	54.40205001831055
cavallo	camicia	48.79290771484375
cavallo	gabbiano	48.86307144165039
cavallo	tenda	33.76814270019531
cavallo	letto	4.206233501434326
cavallo	passero	32.1442985534668
cavallo	mucca	33.173927307128906
cavallo	gufo	30.440542221069336
cavallo	poltrona	63.62151336669922
cavallo	elefante	67.27933502197266
cavallo	scopa	39.1660041809082
cavallo	quaderno	30.0925235748291
cavallo	vaso	27.53189468383789
cavallo	spada	38.723899841308594
cavallo	orso	27.303876876831055
cavallo	maiale	32.3667106628418
cavallo	gatto	27.28301239013672
cavallo	penna	34.1597785949707
cavallo	armadio	36.66447830200195
cavallo	coniglio	48.9448127746582
cavallo	giacca	43.543434143066406
leone	gomma	46.059234619140625
leone	sedia	30.644269943237305
leone	pennello	28.63927459716797
leone	topo	11.747397422790527
leone	cavallo	33.12351608276367
leone	serpente	66.14203643798828
leone	pastello	32.29484939575195
leone	scimmia	56.656166076660156
leone	cane	7.192713260650635
leone	tigre	42.3217887878418
leone	pettine	50.31342697143555
leone	camicia	44.927581787109375
leone	gabbiano	52.44658660888672
leone	tenda	32.0650749206543
leone	letto	3.971297264099121
leone	passero	28.883037567138672
leone	mucca	33.25566482543945
leone	gufo	29.7038631439209
leone	poltrona	63.54153823852539
leone	elefante	61.620994567871094
leone	scopa	36.47012710571289
leone	quaderno	34.730979919433594
leone	vaso	24.309053421020508
leone	spada	35.83296585083008
leone	orso	25.00190544128418
leone	maiale	30.144935607910156
leone	gatto	29.02330780029297
leone	penna	32.105960845947266
leone	armadio	36.13693618774414
leone	coniglio	44.30704879760742
leone	giacca	51.250308990478516
serpente	gomma	43.55708694458008
serpente	sedia	30.10895538330078
serpente	pennello	35.74562454223633
serpente	topo	8.3656005859375
serpente	cavallo	34.8381233215332
serpente	leone	26.34345054626465
serpente	pastello	33.148033142089844
serpente	scimmia	59.17011642456055
serpente	cane	8.109960556030273
serpente	tigre	43.60885238647461
serpente	pettine	60.42551803588867
serpente	camicia	53.67181396484375
serpente	gabbiano	55.035560607910156
serpente	tenda	33.85987091064453
serpente	letto	4.629218578338623
serpente	passero	30.9494686126709
serpente	mucca	31.071245193481445
serpente	gufo	30.04279899597168
serpente	poltrona	63.24995040893555
serpente	elefante	63.35231018066406
serpente	scopa	37.231929779052734
serpente	quaderno	39.050960540771484
serpente	vaso	30.519868850708008
serpente	spada	33.557655334472656
serpente	orso	25.26476287841797
serpente	maiale	32.243228912353516
serpente	gatto	30.986427307128906
serpente	penna	35.891056060791016
serpente	armadio	39.39173889160156
serpente	coniglio	49.219390869140625
serpente	giacca	39.202884674072266
pastello	gomma	44.9051628112793
pastello	sedia	33.3831672668457
pastello	pennello	28.2757625579834
pastello	topo	10.845748901367188
pastello	cavallo	33.235435485839844
pastello	leone	27.01915740966797
pastello	serpente	70.632080078125
pastello	scimmia	61.64826965332031
pastello	cane	9.325321197509766
pastello	tigre	43.458641052246094
pastello	pettine	58.83412551879883
pastello	camicia	50.99324035644531
pastello	gabbiano	49.75719451904297
pastello	tenda	33.319664001464844
pastello	letto	5.138935089111328
pastello	passero	30.779626846313477
pastello	mucca	32.6347770690918
pastello	gufo	31.989824295043945
pastello	poltrona	63.50773239135742
pastello	elefante	65.69174194335938
pastello	scopa	40.522865295410156
pastello	quaderno	36.64133834838867
pastello	vaso	32.29655075073242
pastello	spada	34.34264373779297
pastello	orso	26.70989990234375
pastello	maiale	30.878252029418945
pastello	gatto	27.605724334716797
pastello	penna	36.45927047729492
pastello	armadio	37.50742721557617
pastello	coniglio	49.71780776977539
pastello	giacca	44.700130462646484
scimmia	gomma	41.73273468017578
scimmia	sedia	32.45364761352539
scimmia	pennello	30.01938247680664
scimmia	topo	10.832135200500488
scimmia	cavallo	33.7740592956543
scimmia	leone	25.495176315307617
scimmia	serpente	67.80028533935547
scimmia	pastello	30.7699031829834
scimmia	cane	5.937049388885498
scimmia	tigre	40.3746452331543
scimmia	pettine	56.70851516723633
scimmia	camicia	46.62958908081055
scimmia	gabbiano	49.7630615234375
scimmia	tenda	31.527875900268555
scimmia	letto	5.001171588897705
scimmia	passero	30.57308006286621
scimmia	mucca	30.79165267944336
scimmia	gufo	27.98253059387207
scimmia	poltrona	67.13896942138672
scimmia	elefante	66.95835876464844
scimmia	scopa	36.677616119384766
scimmia	quaderno	33.87240219116211
scimmia	vaso	27.87533187866211
scimmia	spada	30.18548011779785
scimmia	orso	25.321170806884766
scimmia	maiale	29.883596420288086
scimmia	gatto	27.73487663269043
scimmia	penna	34.03605270385742
scimmia	armadio	37.298274993896484
scimmia	coniglio	46.137420654296875
scimmia	giacca	41.355918884277344
cane	gomma	48.05215072631836
cane	sedia	31.176462173461914
cane	pennello	30.225271224975586
cane	topo	10.628616333007812
cane	cavallo	41.67292022705078
cane	leone	28.23733901977539
cane	serpente	68.84095764160156
cane	pastello	39.8717155456543
cane	scimmia	57.343162536621094
cane	tigre	45.5571174621582
cane	pettine	57.03828811645508
cane	camicia	46.1097412109375
cane	gabbiano	50.52427291870117
cane	tenda	30.602394104003906
cane	letto	4.739982604980469
cane	passero	26.846614837646484
cane	mucca	26.513248443603516
cane	gufo	30.024415969848633
cane	poltrona	70.1070785522461
cane	elefante	62.14495849609375
cane	scopa	42.50221252441406
cane	quaderno	31.394359588623047
cane	vaso	26.630130767822266
cane	spada	29.080991744995117
cane	orso	27.154788970947266
cane	maiale	30.33648681640625
cane	gatto	29.986778259277344
cane	penna	32.61704635620117
cane	armadio	36.07284164428711
cane	coniglio	45.38664627075195
cane	giacca	41.94658660888672
tigre	gomma	43.73793029785156
tigre	sedia	27.513473510742188
tigre	pennello	31.592174530029297
tigre	topo	9.638021469116211
tigre	cavallo	33.98237991333008
tigre	leone	24.68402099609375
tigre	serpente	62.778202056884766
tigre	pastello	33.62360763549805
tigre	scimmia	54.466312408447266
tigre	cane	6.369388580322266
tigre	pettine	54.3999137878418
tigre	camicia	49.0364875793457
tigre	gabbiano	51.34105682373047
tigre	tenda	29.813297271728516
tigre	letto	4.617618560791016
tigre	passero	29.23467254638672
tigre	mucca	35.720760345458984
tigre	gufo	31.7900447845459
tigre	poltrona	63.55811309814453
tigre	elefante	64.18870544433594
tigre	scopa	31.543350219726562
tigre	quaderno	31.49332046508789
tigre	vaso	27.088443756103516
tigre	spada	31.028766632080078
tigre	orso	26.215513229370117
tigre	maiale	32.83415985107422
tigre	gatto	30.34699249267578
tigre	penna	32.40496063232422
tigre	armadio	39.58151626586914
tigre	coniglio	45.970115661621094
tigre	giacca	41.577091217041016
pettine	gomma	47.73999786376953
pettine	sedia	33.285709381103516
pettine	pennello	33.125675201416016
pettine	topo	11.157678604125977
pettine	cavallo	38.05862045288086
pettine	leone	26.72821044921875
pettine	serpente	68.0805435180664
pettine	pastello	31.224716186523438
pettine	scimmia	59.46302795410156
pettine	cane	6.865835666656494
pettine	tigre	42.74372100830078
pettine	camicia	56.350650787353516
pettine	gabbiano	52.95315933227539
pettine	tenda	37.24742889404297
pettine	letto	4.956439018249512
pettine	passero	36.046104431152344
pettine	mucca	33.98171615600586
pettine	gufo	35.016883850097656
pettine	poltrona	65.71009826660156
pettine	elefante	67.09569549560547
pettine	scopa	40.82066345214844
pettine	quaderno	34.73590087890625
pettine	vaso	29.45868682861328
pettine	spada	34.86252212524414
pettine	orso	27.823341369628906
pettine	maiale	33.188236236572266
pettine	gatto	29.819141387939453
pettine	penna	35.514644622802734
pettine	armadio	39.15131759643555
pettine	coniglio	50.95173645019531
pettine	giacca	47.98383712768555
camicia	gomma	49.58710861206055
camicia	sedia	32.43198776245117
camicia	pennello	32.910858154296875
camicia	topo	13.297348022460938
camicia	cavallo	37.85752487182617
camicia	leone	26.37580680847168
camicia	serpente	71.1907958984375
camicia	pastello	35.97024154663086
camicia	scimmia	65.74866485595703
camicia	cane	9.629129409790039
camicia	tigre	43.83246994018555
camicia	pettine	61.111427307128906
camicia	gabbiano	56.17997741699219
camicia	tenda	35.12639236450195
camicia	letto	7.45011568069458
camicia	passero	31.388593673706055
camicia	mucca	29.43684196472168
camicia	gufo	34.78609848022461
camicia	poltrona	57.030914306640625
camicia	elefante	67.60792541503906
camicia	scopa	41.9144287109375
camicia	quaderno	34.82378387451172
camicia	vaso	29.010337829589844
camicia	spada	34.703819274902344
camicia	orso	28.63167381286621
camicia	maiale	32.479732513427734
camicia	gatto	32.84212875366211
camicia	penna	32.716819763183594
camicia	armadio	38.20475769042969
camicia	coniglio	53.866886138916016
camicia	giacca	46.69797134399414
gabbiano	gomma	44.554344177246094
gabbiano	sedia	33.89621353149414
gabbiano	pennello	28.697961807250977
gabbiano	topo	10.678690910339355
gabbiano	cavallo	34.36235046386719
gabbiano	leone	24.56378746032715
gabbiano	serpente	67.95201873779297
gabbiano	pastello	27.141921997070312
gabbiano	scimmia	57.319488525390625
gabbiano	cane	9.052736282348633
gabbiano	tigre	49.01027297973633
gabbiano	pettine	57.81437683105469
gabbiano	camicia	49.91499328613281
gabbiano	tenda	31.80516815185547
gabbiano	letto	4.72819185256958
gabbiano	passero	30.516645431518555
gabbiano	mucca	31.157455444335938
gabbiano	gufo	27.156232833862305
gabbiano	poltrona	62.74716567993164
gabbiano	elefante	68.68385314941406
gabbiano	scopa	37.3197021484375
gabbiano	quaderno	34.08748245239258
gabbiano	vaso	33.30658721923828
gabbiano	spada	38.325225830078125
gabbiano	orso	20.901945114135742
gabbiano	maiale	32.002567291259766
gabbiano	gatto	29.681486129760742
gabbiano	penna	31.470985412597656
gabbiano	armadio	39.46061325073242
gabbiano	coniglio	47.2614860534668
gabbiano	giacca	48.60445785522461
tenda	gomma	43.35453414916992
tenda	sedia	31.815818786621094
tenda	pennello	32.63530731201172
tenda	topo	10.304254531860352
tenda	cavallo	31.223735809326172
tenda	leone	31.39238166809082
tenda	serpente	62.366981506347656
tenda	pastello	31.447834014892578
tenda	scimmia	51.56488037109375
tenda	cane	8.290422439575195
tenda	tigre	42.59965896606445
tenda	pettine	54.45078659057617
tenda	camicia	49.90524673461914
tenda	gabbiano	49.13211441040039
tenda	letto	4.782438278198242
tenda	passero	33.81028747558594
tenda	mucca	30.80182647705078
tenda	gufo	27.685867309570312
tenda	poltrona	65.07786560058594
tenda	elefante	66.02287292480469
tenda	scopa	32.598731994628906
tenda	quaderno	33.65449142456055
tenda	vaso	25.566545486450195
tenda	spada	28.806415557861328
tenda	orso	28.797170639038086
tenda	maiale	33.52657699584961
tenda	gatto	27.484703063964844
tenda	penna	30.379358291625977
tenda	armadio	36.2104377746582
tenda	coniglio	46.71397018432617
tenda	giacca	44.02210235595703
letto	gomma	49.09653091430664
letto	sedia	35.8076286315918
letto	pennello	31.04302406311035
letto	topo	13.583681106567383
letto	cavallo	36.84072494506836
letto	leone	29.277210235595703
letto	serpente	73.63050079345703
letto	pastello	36.76306915283203
letto	scimmia	65.38860321044922
letto	cane	11.326786041259766
letto	tigre	42.12055969238281
letto	pettine	61.40032196044922
letto	camicia	51.208038330078125
letto	gabbiano	58.0730094909668
letto	tenda	40.51225662231445
letto	passero	30.898252487182617
letto	mucca	33.30387878417969
letto	gufo	35.632877349853516
letto	poltrona	80.05583190917969
letto	elefante	69.42778778076172
letto	scopa	43.1095085144043
letto	quaderno	29.69710922241211
letto	vaso	34.733619689941406
letto	spada	40.541046142578125
letto	orso	26.705102920532227
letto	maiale	30.851394653320312
letto	gatto	31.800779342651367
letto	penna	34.710838317871094
letto	armadio	46.175418853759766
letto	coniglio	56.30502700805664
letto	giacca	47.524688720703125
passero	gomma	40.501747131347656
passero	sedia	29.912099838256836
passero	pennello	30.02949333190918
passero	topo	7.439289569854736
passero	cavallo	33.050682067871094
passero	leone	25.767833709716797
passero	serpente	58.85468292236328
passero	pastello	27.210851669311523
passero	scimmia	57.04458999633789
passero	cane	8.89273738861084
passero	tigre	38.69377136230469
passero	pettine	54.901485443115234
passero	camicia	46.692054748535156
passero	gabbiano	49.404090881347656
passero	tenda	30.491973876953125
passero	letto	4.311356067657471
passero	mucca	32.440765380859375
passero	gufo	27.668954849243164
passero	poltrona	57.72099304199219
passero	elefante	60.1756477355957
passero	scopa	37.943626403808594
passero	quaderno	33.712860107421875
passero	vaso	27.970638275146484
passero	spada	30.4860897064209
passero	orso	27.4621639251709
passero	maiale	29.770952224731445
passero	gatto	28.394695281982422
passero	penna	29.346548080444336
passero	armadio	36.235355377197266
passero	coniglio	46.367496490478516
passero	giacca	43.116947174072266
mucca	gomma	43.3446159362793
mucca	sedia	29.969526290893555
mucca	pennello	28.745271682739258
mucca	topo	11.096864700317383
mucca	cavallo	30.53502655029297
mucca	leone	25.09305191040039
mucca	serpente	64.66077423095703
mucca	pastello	32.29084777832031
mucca	scimmia	55.41434097290039
mucca	cane	5.106907367706299
mucca	tigre	41.769775390625
mucca	pettine	53.02834701538086
mucca	camicia	49.14750671386719
mucca	gabbiano	47.0035514831543
mucca	tenda	33.42312240600586
mucca	letto	6.04144811630249
mucca	passero	27.23776626586914
mucca	gufo	27.078487396240234
mucca	poltrona	62.43524169921875
mucca	elefante	60.44657897949219
mucca	scopa	36.71836471557617
mucca	quaderno	31.34995460510254
mucca	vaso	26.027175903320312
mucca	spada	33.1448974609375
mucca	orso	26.470745086669922
mucca	maiale	28.286598205566406
mucca	gatto	28.259740829467773
mucca	penna	31.82242774963379
mucca	armadio	38.92619323730469
mucca	coniglio	47.30891799926758
mucca	giacca	39.82870864868164
gufo	gomma	39.414066314697266
gufo	sedia	27.89460563659668
gufo	pennello	32.70832061767578
gufo	topo	10.991450309753418
gufo	cavallo	37.61050796508789
gufo	leone	23.324068069458008
gufo	serpente	63.655303955078125
gufo	pastello	29.64617919921875
gufo	scimmia	55.24382019042969
gufo	cane	7.827688217163086
gufo	tigre	44.99346923828125
gufo	pettine	53.13066864013672
gufo	camicia	53.5058708190918
gufo	gabbiano	49.693634033203125
gufo	tenda	32.3790397644043
gufo	letto	5.432709693908691
gufo	passero	29.66779327392578
gufo	mucca	31.60474967956543
gufo	poltrona	61.92346954345703
gufo	elefante	62.774147033691406
gufo	scopa	37.236419677734375
gufo	quaderno	36.31564712524414
gufo	vaso	25.794158935546875
gufo	spada	32.33510208129883
gufo	orso	25.494789123535156
gufo	maiale	32.74603271484375
gufo	gatto	27.506872177124023
gufo	penna	32.777408599853516
gufo	armadio	40.87113952636719
gufo	coniglio	49.60154724121094
gufo	giacca	38.61029815673828
poltrona	gomma	46.62487030029297
poltrona	sedia	34.72462844848633
poltrona	pennello	31.46529769897461
poltrona	topo	14.250773429870605
poltrona	cavallo	36.404296875
poltrona	leone	28.695648193359375
poltrona	serpente	70.31092834472656
poltrona	pastello	29.51288604736328
poltrona	scimmia	61.098594665527344
poltrona	cane	8.71511173248291
poltrona	tigre	41.433162689208984
poltrona	pettine	58.99161148071289
poltrona	camicia	49.75535583496094
poltrona	gabbiano	49.799930572509766
poltrona	tenda	36.42543411254883
poltrona	letto	5.770628452301025
poltrona	passero	33.23567199707031
poltrona	mucca	37.49076843261719
poltrona	gufo	36.122718811035156
poltrona	elefante	71.1211166381836
poltrona	scopa	41.39118957519531
poltrona	quaderno	35.81046676635742
poltrona	vaso	34.19508361816406
poltrona	spada	36.25962829589844
poltrona	orso	27.30260467529297
poltrona	maiale	32.30340576171875
poltrona	gatto	35.53131103515625
poltrona	penna	32.185951232910156
poltrona	armadio	44.38966369628906
poltrona	coniglio	52.0156135559082
poltrona	giacca	45.588531494140625
elefante	gomma	42.09066390991211
elefante	sedia	32.000675201416016
elefante	pennello	28.813188552856445
elefante	topo	9.050511360168457
elefante	cavallo	36.114097595214844
elefante	leone	24.262741088867188
elefante	serpente	66.64186096191406
elefante	pastello	33.83272171020508
elefante	scimmia	57.919342041015625
elefante	cane	7.760051250457764
elefante	tigre	44.12900924682617
elefante	pettine	55.48463439941406
elefante	camicia	51.27569580078125
elefante	gabbiano	52.984169006347656
elefante	tenda	33.35929870605469
elefante	letto	5.27239990234375
elefante	passero	29.714250564575195
elefante	mucca	33.3312873840332
elefante	gufo	29.109821319580078
elefante	poltrona	68.16254425048828
elefante	scopa	38.45640182495117
elefante	quaderno	31.63583755493164
elefante	vaso	31.500362396240234
elefante	spada	33.61873245239258
elefante	orso	25.749067306518555
elefante	maiale	31.56085968017578
elefante	gatto	29.033157348632812
elefante	penna	35.72861862182617
elefante	armadio	38.927101135253906
elefante	coniglio	50.279483795166016
elefante	giacca	43.049808502197266
scopa	gomma	45.70744323730469
scopa	sedia	32.18097686767578
scopa	pennello	29.276611328125
scopa	topo	11.736679077148438
scopa	cavallo	31.40301513671875
scopa	leone	24.30128288269043
scopa	serpente	62.234310150146484
scopa	pastello	27.900043487548828
scopa	scimmia	50.091644287109375
scopa	cane	7.628541946411133
scopa	tigre	41.67532730102539
scopa	pettine	56.3482666015625
scopa	camicia	47.106536865234375
scopa	gabbiano	50.18593978881836
scopa	tenda	31.2501163482666
scopa	letto	4.951570510864258
scopa	passero	30.22219467163086
scopa	mucca	28.881349563598633
scopa	gufo	29.12442970275879
scopa	poltrona	63.89695358276367
scopa	elefante	55.28089904785156
scopa	quaderno	31.159656524658203
scopa	vaso	24.199504852294922
scopa	spada	27.09334945678711
scopa	orso	26.757938385009766
scopa	maiale	29.95798683166504
scopa	gatto	30.67901039123535
scopa	penna	31.845909118652344
scopa	armadio	37.05095672607422
scopa	coniglio	48.65570831298828
scopa	giacca	45.05048751831055
quaderno	gomma	42.94828796386719
quaderno	sedia	36.700801849365234
quaderno	pennello	28.517040252685547
quaderno	topo	10.619203567504883
quaderno	cavallo	32.7164306640625
quaderno	leone	24.24471092224121
quaderno	serpente	62.72439956665039
quaderno	pastello	33.225616455078125
quaderno	scimmia	60.75349044799805
quaderno	cane	10.019845008850098
quaderno	tigre	42.02227783203125
quaderno	pettine	58.57606506347656
quaderno	camicia	53.0380973815918
quaderno	gabbiano	49.344600677490234
quaderno	tenda	32.42472839355469
quaderno	letto	4.7715582847595215
quaderno	passero	30.13634490966797
quaderno	mucca	31.660497665405273
quaderno	gufo	29.73678970336914
quaderno	poltrona	67.94471740722656
quaderno	elefante	64.05638122558594
quaderno	scopa	39.30051040649414
quaderno	vaso	29.312700271606445
quaderno	spada	32.40184783935547
quaderno	orso	25.905014038085938
quaderno	maiale	29.673490524291992
quaderno	gatto	27.24032211303711
quaderno	penna	35.76649475097656
quaderno	armadio	36.31544876098633
quaderno	coniglio	47.935794830322266
quaderno	giacca	46.46445083618164
vaso	gomma	40.82059097290039
vaso	sedia	26.499561309814453
vaso	pennello	27.881900787353516
vaso	topo	9.428267478942871
vaso	cavallo	30.297561645507812
vaso	leone	23.380218505859375
vaso	serpente	60.80783462524414
vaso	pastello	31.63926124572754
vaso	scimmia	51.879188537597656
vaso	cane	8.612592697143555
vaso	tigre	40.7095947265625
vaso	pettine	55.423336029052734
vaso	camicia	44.38610076904297
vaso	gabbiano	43.832366943359375
vaso	tenda	32.898193359375
vaso	letto	4.542600631713867
vaso	passero	29.689409255981445
vaso	mucca	31.228588104248047
vaso	gufo	24.903854370117188
vaso	poltrona	61.041465759277344
vaso	elefante	61.1400146484375
vaso	scopa	35.194644927978516
vaso	quaderno	33.21379852294922
vaso	spada	33.6821174621582
vaso	orso	27.76517677307129
vaso	maiale	31.2491397857666
vaso	gatto	28.076396942138672
vaso	penna	31.5985164642334
vaso	armadio	34.80767822265625
vaso	coniglio	47.66376495361328
vaso	giacca	39.666259765625
spada	gomma	44.42386245727539
spada	sedia	25.105316162109375
spada	pennello	28.678260803222656
spada	topo	11.502325057983398
spada	cavallo	33.86167907714844
spada	leone	26.96136474609375
spada	serpente	64.71066284179688
spada	pastello	25.83823013305664
spada	scimmia	58.21257019042969
spada	cane	7.229884624481201
spada	tigre	39.30698776245117
spada	pettine	55.0919189453125
spada	camicia	49.17193603515625
spada	gabbiano	50.54176330566406
spada	tenda	34.28242874145508
spada	letto	4.0308027267456055
spada	passero	31.15931510925293
spada	mucca	30.965866088867188
spada	gufo	30.015892028808594
spada	poltrona	67.11688995361328
spada	elefante	62.92990493774414
spada	scopa	36.49822998046875
spada	quaderno	29.98712158203125
spada	vaso	28.32788848876953
spada	orso	26.280370712280273
spada	maiale	31.665525436401367
spada	gatto	30.354867935180664
spada	penna	32.17271041870117
spada	armadio	37.8304328918457
spada	coniglio	47.34204864501953
spada	giacca	43.78516387939453
orso	gomma	40.58745193481445
orso	sedia	32.83222579956055
orso	pennello	27.979496002197266
orso	topo	10.081597328186035
orso	cavallo	34.33640670776367
orso	leone	25.79334259033203
orso	serpente	60.5396614074707
orso	pastello	31.165935516357422
orso	scimmia	56.81596374511719
orso	cane	8.356413841247559
orso	tigre	42.01626968383789
orso	pettine	53.64754867553711
orso	camicia	45.12822341918945
orso	gabbiano	47.89315414428711
orso	tenda	32.37309265136719
orso	letto	5.092654228210449
orso	passero	30.334121704101562
orso	mucca	31.652297973632812
orso	gufo	30.757627487182617
orso	poltrona	65.10653686523438
orso	elefante	63.28875732421875
orso	scopa	34.147579193115234
orso	quaderno	31.129375457763672
orso	vaso	25.762264251708984
orso	spada	35.15897750854492
orso	maiale	29.1672420501709
orso	gatto	27.956552505493164
orso	penna	32.241859436035156
orso	armadio	36.7955207824707
orso	coniglio	45.99738693237305
orso	giacca	45.671810150146484
maiale	gomma	44.982364654541016
maiale	sedia	31.86302947998047
maiale	pennello	33.00749588012695
maiale	topo	9.229376792907715
maiale	cavallo	37.91835021972656
maiale	leone	27.325572967529297
maiale	serpente	72.03280639648438
maiale	pastello	35.900203704833984
maiale	scimmia	63.02632522583008
maiale	cane	6.877360820770264
maiale	tigre	45.73835372924805
maiale	pettine	62.44524383544922
maiale	camicia	57.71583938598633
maiale	gabbiano	51.43285369873047
maiale	tenda	35.777915954589844
maiale	letto	4.053072452545166
maiale	passero	31.923656463623047
maiale	mucca	33.88553237915039
maiale	gufo	34.626373291015625
maiale	poltrona	62.59516143798828
maiale	elefante	68.894775390625
maiale	scopa	40.03939437866211
maiale	quaderno	35.13569259643555
maiale	vaso	31.457916259765625
maiale	spada	41.93557357788086
maiale	orso	26.00086212158203
maiale	gatto	31.825952529907227
maiale	penna	35.98794174194336
maiale	armadio	41.8410530090332
maiale	coniglio	53.08148956298828
maiale	giacca	43.63063430786133
gatto	gomma	44.456668853759766
gatto	sedia	31.391712188720703
gatto	pennello	33.35852813720703
gatto	topo	8.77734088897705
gatto	cavallo	38.72853469848633
gatto	leone	26.320920944213867
gatto	serpente	73.17192840576172
gatto	pastello	36.41903305053711
gatto	scimmia	62.735084533691406
gatto	cane	8.831367492675781
gatto	tigre	46.2495231628418
gatto	pettine	55.18621063232422
gatto	camicia	54.67670822143555
gatto	gabbiano	52.43026351928711
gatto	tenda	35.994384765625
gatto	letto	5.973879814147949
gatto	passero	32.367034912109375
gatto	mucca	32.574951171875
gatto	gufo	32.28266525268555
gatto	poltrona	58.693172454833984
gatto	elefante	67.94689178466797
gatto	scopa	38.63300704956055
gatto	quaderno	35.715702056884766
gatto	vaso	28.76063346862793
gatto	spada	40.010353088378906
gatto	orso	26.67436408996582
gatto	maiale	30.050573348999023
gatto	penna	36.986331939697266
gatto	armadio	43.32403564453125
gatto	coniglio	57.789085388183594
gatto	giacca	41.520992279052734
penna	gomma	42.858978271484375
penna	sedia	31.076438903808594
penna	pennello	28.88106918334961
penna	topo	10.276264190673828
penna	cavallo	30.66975975036621
penna	leone	24.798429489135742
penna	serpente	61.397865295410156
penna	pastello	32.05099105834961
penna	scimmia	52.84648513793945
penna	cane	5.964892864227295
penna	tigre	37.53886413574219
penna	pettine	56.28997802734375
penna	camicia	48.433231353759766
penna	gabbiano	45.113609313964844
penna	tenda	34.59808349609375
penna	letto	4.592845916748047
penna	passero	26.330610275268555
penna	mucca	31.76325225830078
penna	gufo	27.871009826660156
penna	poltrona	64.36637115478516
penna	elefante	59.198089599609375
penna	scopa	35.72124099731445
penna	quaderno	31.767776489257812
penna	vaso	24.386638641357422
penna	spada	30.875022888183594
penna	orso	27.999897003173828
penna	maiale	29.202898025512695
penna	gatto	27.614368438720703
penna	armadio	36.23603057861328
penna	coniglio	44.58393096923828
penna	giacca	43.80167770385742
armadio	gomma	53.48239517211914
armadio	sedia	35.80192947387695
armadio	pennello	36.00713348388672
armadio	topo	13.777749061584473
armadio	cavallo	40.0940055847168
armadio	leone	29.808950424194336
armadio	serpente	76.12384796142578
armadio	pastello	34.277278900146484
armadio	scimmia	69.16165161132812
armadio	cane	11.721609115600586
armadio	tigre	47.33845901489258
armadio	pettine	59.55663299560547
armadio	camicia	60.2731819152832
armadio	gabbiano	63.72669219970703
armadio	tenda	42.58685302734375
armadio	letto	6.129874229431152
armadio	passero	32.38475036621094
armadio	mucca	37.88347625732422
armadio	gufo	39.02240753173828
armadio	poltrona	75.43655395507812
armadio	elefante	70.5168228149414
armadio	scopa	43.470787048339844
armadio	quaderno	37.52791976928711
armadio	vaso	38.85095977783203
armadio	spada	40.6947021484375
armadio	orso	31.13977813720703
armadio	maiale	34.347618103027344
armadio	gatto	34.61503982543945
armadio	penna	34.27400207519531
armadio	coniglio	57.8126106262207
armadio	giacca	52.04560470581055
coniglio	gomma	46.69477081298828
coniglio	sedia	34.17352294921875
coniglio	pennello	32.48632049560547
coniglio	topo	9.83578872680664
coniglio	cavallo	37.75255584716797
coniglio	leone	26.638864517211914
coniglio	serpente	74.79132080078125
coniglio	pastello	36.981868743896484
coniglio	scimmia	63.68135070800781
coniglio	cane	8.060086250305176
coniglio	tigre	44.600711822509766
coniglio	pettine	57.281578063964844
coniglio	camicia	50.915103912353516
coniglio	gabbiano	52.12675094604492
coniglio	tenda	34.194454193115234
coniglio	letto	4.521947860717773
coniglio	passero	32.93119430541992
coniglio	mucca	32.55001449584961
coniglio	gufo	32.95555877685547
coniglio	poltrona	66.13939666748047
coniglio	elefante	69.88045501708984
coniglio	scopa	38.0424919128418
coniglio	quaderno	36.82920837402344
coniglio	vaso	32.67741775512695
coniglio	spada	42.78557205200195
coniglio	orso	26.51884651184082
coniglio	maiale	28.844133377075195
coniglio	gatto	30.320293426513672
coniglio	penna	35.41998291015625
coniglio	armadio	43.32349395751953
coniglio	giacca	43.581565856933594
giacca	gomma	53.16427993774414
giacca	sedia	36.61200714111328
giacca	pennello	35.6331901550293
giacca	topo	9.78496265411377
giacca	cavallo	41.18577575683594
giacca	leone	27.48769187927246
giacca	serpente	70.72723388671875
giacca	pastello	36.27235794067383
giacca	scimmia	67.532958984375
giacca	cane	9.17287540435791
giacca	tigre	44.46017837524414
giacca	pettine	59.06597137451172
giacca	camicia	62.84531784057617
giacca	gabbiano	57.501220703125
giacca	tenda	38.601139068603516
giacca	letto	5.659576892852783
giacca	passero	32.28836441040039
giacca	mucca	31.594301223754883
giacca	gufo	33.93241500854492
giacca	poltrona	66.15567016601562
giacca	elefante	70.85131072998047
giacca	scopa	43.21990966796875
giacca	quaderno	33.91889572143555
giacca	vaso	31.253759384155273
giacca	spada	34.07311248779297
giacca	orso	29.307260513305664
giacca	maiale	32.32618713378906
giacca	gatto	32.7334098815918
giacca	penna	35.71062088012695
giacca	armadio	41.25437927246094
giacca	coniglio	55.373817443847656
